audio,song_id,genre_id,genre,metadata,caption
"{'path': None, 'array': array([-6.10351562e-05, -6.10351562e-05, -3.05175781e-05, ...,
       -3.96728516e-04, -1.52587891e-04, -4.88281250e-04]), 'sampling_rate': 44100}",11483,9,International,"trombone, 117 bpm, Brass & Military, Marches, D, documentary","""Experience the resounding trombone set in D key, rhythmically propelling through a 117 BPM tempo. This Brass and Military-style march from our documentary fuels your imagination with its rich and rousing audioscape."""
"{'path': None, 'array': array([9.15527344e-05, 2.74658203e-04, 2.13623047e-04, ...,
       5.52368164e-03, 9.39941406e-03, 1.35498047e-02]), 'sampling_rate': 44100}",6824,9,International,"sampler, documentary, Funk / Soul, Neo Soul, 161 bpm, G","""Immerse yourself in the rhythmic pulse of this 161 bpm Neo Soul track, deeply infused with elements of Funk and Soul. It's set in the key of G, and its rich texture is akin to a sampler of iconic sounds."
"{'path': None, 'array': array([-0.00201416, -0.00152588, -0.00125122, ..., -0.1713562 ,
       -0.17202759, -0.16763306]), 'sampling_rate': 44100}",8361,8,Pop,"120 bpm, sampler, B, Funk / Soul, Swingbeat, documentary","""Immerse yourself in this vibrant audio experience, tuned to 120 beats per minute. This soundtrack incorporates a sampler, generating a rich tapestry of sounds that lean heavily into Funk and Soul genre. Crafted in the key of B, the"
"{'path': None, 'array': array([0.19265747, 0.20065308, 0.23135376, ..., 0.03961182, 0.05429077,
       0.07150269]), 'sampling_rate': 44100}",12269,9,International,"groovy, F#, Funk / Soul, Swingbeat, acousticbassguitar, 178 bpm","""Immerse yourself in the allure of groove-infused rhythms in this F# keyed, Funk/Soul track. Feel the rhythmic pulse of the acoustic bass guitar singing at a lively pace of 178 bpm, tastefully garnished with the"
"{'path': None, 'array': array([-0.0015564 , -0.00137329, -0.0012207 , ...,  0.00787354,
       -0.06430054, -0.046875  ]), 'sampling_rate': 44100}",1063,0,Electronic,"172 bpm, soundscape, Funk / Soul, Swingbeat, D, sampler","""Immerse yourself in the fluid soundscape of this musical masterpiece, masterfully constructed at every note. With a heart-pumping tempo of 172 beats per minute, this swingbeat-styled Funk/Soul track seamlessly merges the smooth and rhyth"
"{'path': None, 'array': array([-3.05175781e-04, -6.10351562e-05,  1.83105469e-04, ...,
       -2.73223877e-01, -2.99224854e-01, -2.61138916e-01]), 'sampling_rate': 44100}",11704,6,Chiptune / Glitch,"Funk / Soul, Neo Soul, D#, 71 bpm, documentary, sampler","""Immerse yourself in the groove of this Neo Soul track set in D# at a mellow tempo of 71 bpm. Exuding the essence of classic Funk/Soul, it provides the perfect soundtrack for your documentary. Discover a nuanced tape"
"{'path': None, 'array': array([-0.00134277, -0.00137329, -0.00137329, ...,  0.04476929,
        0.02999878,  0.01330566]), 'sampling_rate': 44100}",18506,8,Pop,"documentary, 120 bpm, C#, acousticbassguitar, Stage & Screen, Soundtrack","""Experience the captivating sway of a documentary soundtrack with 'Stage & Screen', set at a rhythmic 120 bpm. Featuring the distinctive tones of an acoustic bass guitar, this composition in key C# immerses you in the riveting world of"
"{'path': None, 'array': array([0.00167847, 0.00210571, 0.00180054, ..., 0.0513916 , 0.10580444,
       0.12890625]), 'sampling_rate': 44100}",6826,2,Punk,"Rock, Funeral Doom Metal, documentary, acousticguitar, E, 91 bpm","""Immerse yourself in the profound resonance of our E-tuned acoustic guitar, setting the mournful pace at 91 bpm, as we journey through the somber world of Funeral Doom Metal. This poignant rock documentary penetrates the depths of the"
"{'path': None, 'array': array([-0.0045166 , -0.00375366, -0.00354004, ...,  0.05703735,
       -0.00311279, -0.05657959]), 'sampling_rate': 44100}",24811,0,Electronic,"F, 129 bpm, sampler, Electronic, Acid House, groovy","""Immerse yourself in the dynamic world of Acid House with this groovy electronic track. Played at a catchy pace of 129 BPM, this composition skillfully employs a sampler to introduce captivating variations. Driven by the enthralling beat of"
"{'path': None, 'array': array([-2.44140625e-04, -9.15527344e-05, -1.52587891e-04, ...,
        2.09838867e-01,  1.91680908e-01,  1.51855469e-01]), 'sampling_rate': 44100}",5144,8,Pop,"Funk / Soul, Gospel, 167 bpm, A, adventure, acousticbassguitar","""Immerse yourself in the radiant vibes of this Funk/Soul track, layered with powerful gospel influences. With its adventurous arrangement, the song sweeps you away at a lively pace of 167 bpm. Richly arranged in the key of A,"
"{'path': None, 'array': array([0.09707642, 0.11743164, 0.09628296, ..., 0.1026001 , 0.13952637,
       0.17462158]), 'sampling_rate': 44100}",13722,6,Chiptune / Glitch,"115 bpm, sampler, C, Electronic, Breakbeat, documentary","""Experience a rhythmic breakbeat marvel with this unique 115 BPM electronic track composed in the key of C. Drawing energy from an exclusive sampler, this composition is perfect for intensifying the depth and suspense of your documentary content."""
"{'path': None, 'array': array([-0.07672119, -0.07821655, -0.06802368, ..., -0.0406189 ,
       -0.04876709, -0.04147339]), 'sampling_rate': 44100}",4085,9,International,"E, 140 bpm, trailer, harmonica, Blues, Harmonica Blues","""Immerse yourself in the soulful experience of our 'Harmonica Blues' audio track. Set at a steady rhythm of 140 BPM, this composition features the expressive notes of a harmonica, conjuring the authentic Blues atmosphere. Perfect"
"{'path': None, 'array': array([ 0.00674438,  0.00778198,  0.00796509, ..., -0.23153687,
       -0.24478149, -0.22976685]), 'sampling_rate': 44100}",24317,5,Folk,"G, Blues, Harmonica Blues, 91 bpm, acousticguitar, trailer","Experience the soulful energy of this Harmonica Blues track, set at a smooth rhythm of 91 bpm. Plunge into the heart of the blues as the crisp sound of the acoustic guitar strums its way through your soul, perfectly accompanied by deeply"
"{'path': None, 'array': array([-0.00067139, -0.00067139, -0.00076294, ...,  0.09207153,
        0.0892334 ,  0.08700562]), 'sampling_rate': 44100}",6555,9,International,"Funk / Soul, New Jack Swing, A, 157 bpm, flute, adventure","""Immerse yourself in an exhilarating adventure with this lively New Jack Swing track. Infused with a deliciously funky soul beat, the track pulsates at a vibrant 157 bpm. The intriguing presence of a flute melody adds a unique layer"
"{'path': None, 'array': array([-2.44140625e-04, -1.22070312e-04,  3.05175781e-05, ...,
        1.41418457e-01,  1.26495361e-01,  8.61816406e-02]), 'sampling_rate': 44100}",14683,2,Punk,"D, acousticguitar, Stage & Screen, Soundtrack, documentary, 144 bpm","""Experience the moving 144 BPM soundtrack from the featured documentary, resonating harmoniously from a D-tuned acoustic guitar. Immerse yourself in the heart-rhythmic melodies echoing the raw emotions of the Stage & Screen genre."""
"{'path': None, 'array': array([ 0.00076294,  0.00079346,  0.0007019 , ..., -0.17575073,
       -0.18273926, -0.17062378]), 'sampling_rate': 44100}",19895,5,Folk,"Stage & Screen, Soundtrack, 103 bpm, documentary, C, acousticbassguitar","""Immerse yourself in the enchanting rhythm of this 103 bpm Stage & Screen Soundtrack. Ideal for a documentary, it's set in the key of C and features the resonating depth of an Acoustic Bass Guitar, creating an audio"
"{'path': None, 'array': array([0.00170898, 0.00253296, 0.00305176, ..., 0.0526123 , 0.02758789,
       0.02575684]), 'sampling_rate': 44100}",20227,4,Hip-Hop,"D#, documentary, 157 bpm, sampler, Rock, Experimental","""Immerse yourself in the world of experimental rock music with our specially curated documentary. Traversing the sonic landscape at 157 beats per minute, you will explore the edgy rhythms and unconventional sounds crafted from unique samplers, all while reson"
"{'path': None, 'array': array([0.00082397, 0.0005188 , 0.00042725, ..., 0.05325317, 0.06140137,
       0.0531311 ]), 'sampling_rate': 44100}",6447,2,Punk,"A, 167 bpm, acousticguitar, Rock, Garage Rock, groovy","""Immerse yourself in this groovy Garage Rock tune, driven by a vibrant acoustic guitar. Pulsing strongly at 167 bpm, it exudes an aura of energetic A-keyed rhythms that will get your foot tapping in no time."
"{'path': None, 'array': array([ 0.00027466, -0.00076294, -0.0020752 , ..., -0.10198975,
       -0.18395996, -0.19805908]), 'sampling_rate': 44100}",24926,1,Rock,"Funk / Soul, Psychedelic, 136 bpm, acousticbassguitar, A, documentary","""Immerse yourself in the captivating rhythm of this 136 bpm Funk / Soul track, enhanced by the intriguing psychedelic undertones. Layered with resonant notes from an acoustic bass guitar in the key of A, it provides an atmospheric backdrop suitable"
"{'path': None, 'array': array([-6.10351562e-05, -1.83105469e-04, -9.15527344e-05, ...,
        9.24682617e-03,  9.82666016e-03,  1.08337402e-02]), 'sampling_rate': 44100}",945,1,Rock,"Rock, Garage Rock, adventure, acousticguitar, A, 144 bpm","""Immerse yourself in the thrill of this adventurous Garage Rock track. Dancing at a lively 144 BPM, this dynamic composition breathes life into raw energy through its soulful Rock elements. The song's heartbeat is an acoustic guitar, strum"
"{'path': None, 'array': array([ 2.44140625e-04,  0.00000000e+00, -9.15527344e-05, ...,
        8.86230469e-02,  6.68334961e-02,  7.72094727e-02]), 'sampling_rate': 44100}",19746,8,Pop,"acousticbassguitar, C, 161 bpm, Funk / Soul, New Jack Swing, documentary","""Experience the rhythmic pulse of this New Jack Swing Funk/Soul soundtrack, driven by the mellow undertones of an acoustic bass guitar. Tuned to the key of C, this piece sizzles at a speed of 161 beats per"
"{'path': None, 'array': array([ 0.00042725, -0.0005188 , -0.00033569, ...,  0.11315918,
        0.11380005,  0.13305664]), 'sampling_rate': 44100}",9294,4,Hip-Hop,"groovy, Funk / Soul, Swingbeat, sampler, A, 99 bpm","""Immerse yourself in the groove of this soulful Swingbeat track. This 'A' sampler packs a punch with its funky undertones, all set to a rhythmic 99 BPM tempo. Prepare yourself for a music experience that will make"
"{'path': None, 'array': array([ 0.09472656,  0.109375  ,  0.12042236, ..., -0.31585693,
       -0.32113647, -0.26422119]), 'sampling_rate': 44100}",5327,1,Rock,"Funk / Soul, Gospel, 103 bpm, adventure, D, acousticbassguitar","""Immerse yourself in this Gospel-infused Funk/Soul adventure, timed at 103 bpm. The unique rhythm of an acoustic bass guitar guides our journey, all harmoniously set in the key of D. Let the music envelop you, carrying"
"{'path': None, 'array': array([-0.22433472, -0.25021362, -0.25134277, ...,  0.11880493,
        0.11141968,  0.09912109]), 'sampling_rate': 44100}",14909,6,Chiptune / Glitch,"140 bpm, Electronic, Downtempo, documentary, synthesizer, D#","""Immerse yourself in the rhythmically profound, 140 bpm electronic downtempo track, perfect for your next documentary. Its pulsating synthesizer beats, set in a mesmerizing key of D#, will add an engaging sonic layer that will capt"
"{'path': None, 'array': array([ 0.00000000e+00,  0.00000000e+00,  3.05175781e-05, ...,
       -3.44848633e-03, -1.83105469e-03, -4.27246094e-04]), 'sampling_rate': 44100}",3594,7,Instrumental,"documentary, synthesizer, 98 bpm, Funk / Soul, Neo Soul, D#","""Immerse yourself in the captivating experience of our documentary. Set to the rhythmically rich cadence of 98 BPM, it flows seamlessly through the vibrant genres of Funk, Soul, and Neo-Soul. Effortlessly blending the nostalgic tunes"
"{'path': None, 'array': array([-0.00057983, -0.0005188 , -0.00045776, ..., -0.05813599,
       -0.07354736, -0.08169556]), 'sampling_rate': 44100}",17833,1,Rock,"Funk / Soul, Gospel, acousticbassguitar, 65 bpm, A, documentary","""Immerse yourself in the warm, vibrant tones of a Funk / Soul track, punctuated by the rhythmic strums of an acoustic bass guitar. Emanating at an unhurried 65 beats per minute in the key of '"
"{'path': None, 'array': array([0.00024414, 0.00039673, 0.0007019 , ..., 0.00296021, 0.00634766,
       0.00820923]), 'sampling_rate': 44100}",12584,7,Instrumental,"documentary, Electronic, New Beat, sampler, C, 120 bpm","""Immerse yourself in the invigorating world of our documentary, where we delve into the intertwining realms of Electronic music and New Beat. Let the rhythmic pulse of our 120 bpm sampler in the key of C guide your journey through"
"{'path': None, 'array': array([ 0.00125122,  0.00112915,  0.00088501, ..., -0.29879761,
       -0.30096436, -0.27282715]), 'sampling_rate': 44100}",11691,1,Rock,"acousticguitar, Funk / Soul, Psychedelic, adventure, E, 129 bpm","""Immerse yourself in a vibrant musical adventure, featuring a soulful, psychedelic fusion of acoustic guitar melodies played at an energetic tempo of 129 bpm. Set in the uplifting key of E, this Funk/Soul inspired masterpiece exudes groove,"
"{'path': None, 'array': array([0.00170898, 0.00177002, 0.00167847, ..., 0.23025513, 0.27047729,
       0.24276733]), 'sampling_rate': 44100}",686,9,International,"groovy, Funk / Soul, Swingbeat, D, 83 bpm, acousticbassguitar","""Immerse yourself in the funky realms of a groovy Funk/Soul track, accentuated by the rhythmic pulse of Swingbeat. Set to the dynamic key of D and a chic tempo of 83 bpm, it features a mesmerizing"
"{'path': None, 'array': array([ 1.09863281e-03,  1.06811523e-03,  3.96728516e-04, ...,
       -8.94653320e-01, -9.56970215e-01, -9.05731201e-01]), 'sampling_rate': 44100}",8753,6,Chiptune / Glitch,"B, groovy, 140 bpm, sampler, Electronic, Eurobeat","Experience the electrifying pulse of Eurobeat with this groovy track. Set at a lively 140 bpm, this electronic masterpiece is adeptly crafted in the key of B. It also features innovative use of a sampler, adding an intriguing layer to its"
"{'path': None, 'array': array([0.00115967, 0.00088501, 0.00054932, ..., 0.26168823, 0.23428345,
       0.19415283]), 'sampling_rate': 44100}",3070,1,Rock,"D, acousticguitar, Rock, Alternative Rock, 89 bpm, adventure","""Embark on an adventure with this D-tuned Acoustic Guitar composition. Set at a pace of 89 BPM, it combines elements of Rock and Alternative Rock, crafting a soundscape that embodies the free-spirited energy of exploration and discovery"
"{'path': None, 'array': array([ 0.00064087,  0.00057983,  0.0005188 , ..., -0.04223633,
       -0.03955078, -0.03634644]), 'sampling_rate': 44100}",15703,5,Folk,"Rock, Acoustic, 92 bpm, adventure, acousticguitar, G","""Embark on a compelling adventure with this 92 bpm rock track. The chorus of acoustic guitars resonate in the key of G, adding a raw yet alluring vibe to the journey. Its acoustic backbone infuses an earthy tone that grounds the"
"{'path': None, 'array': array([ 0.00085449,  0.0017395 ,  0.0012207 , ..., -0.13302612,
       -0.16998291, -0.18429565]), 'sampling_rate': 44100}",20611,3,Experimental,"documentary, drummachine, 112 bpm, A#, Electronic, UK Garage","""Immerse yourself in the captivating rhythm of this UK Garage-style electronic documentary. With the entrancing pulsations of a drum machine set to 112 bpm in the key of A#, experience a unique fusion of sound and visuals that will transport you"
"{'path': None, 'array': array([-9.15527344e-05,  9.15527344e-05, -3.05175781e-05, ...,
        4.23645020e-01,  3.29833984e-01,  1.59881592e-01]), 'sampling_rate': 44100}",1456,0,Electronic,"94 bpm, documentary, Rock, Funeral Doom Metal, A, drums","""Immerse yourself in the heart-pounding rhythm of a 94 BPM Rock and Funeral Doom Metal hybrid soundtrack. With its raw, impactful drum patterns set in A key, this haunting audio captures the somber intensity often found in poignant documentaries."""
"{'path': None, 'array': array([-0.00100708, -0.00061035, -0.0010376 , ..., -0.07415771,
       -0.06222534, -0.03890991]), 'sampling_rate': 44100}",16493,8,Pop,"accordion, melodic, B, Folk, World, & Country, Séga, 133 bpm","""Experience a captivating blend of Folk, World, and Country genres encapsulated in a rhythmically engaging Séga track. This melodic piece, playing at 113 bpm, features the rich, warm tones of the accordion in the key of B."
"{'path': None, 'array': array([-6.40869141e-04,  1.52587891e-04,  1.52587891e-04, ...,
       -2.57812500e-01, -2.16064453e-01, -1.78070068e-01]), 'sampling_rate': 44100}",6237,9,International,"Funk / Soul, Swingbeat, 178 bpm, D#, groovy, acousticbassguitar","""Immerse yourself in the intoxicating rhythm of this groovy Funk/Soul track. At 178 bpm, it strides confidently in D# key, intricately woven with the resonating strums of an acoustic bass guitar. Its vibrant swing"
"{'path': None, 'array': array([0.00030518, 0.00125122, 0.00091553, ..., 0.07666016, 0.0965271 ,
       0.11071777]), 'sampling_rate': 44100}",12273,1,Rock,"C#, adventure, acousticbassguitar, Funk / Soul, Psychedelic, 92 bpm","""Step into an adventurous sonic journey with this C# key Funk/Soul track. Laced with psychedelic influences, it sets a rhythmic foundation at 92 beats per minute. The track prominently features the soothing and rich textures of an acoustic bass guitar"
"{'path': None, 'array': array([0.00057983, 0.00170898, 0.00109863, ..., 0.18325806, 0.20098877,
       0.20663452]), 'sampling_rate': 44100}",22548,9,International,"acousticbassguitar, 144 bpm, F#, Funk / Soul, Contemporary R&B, groovy","""Immerse yourself in the groovy rhythm of this contemporary R&B track. Set at 144 bpm, it features a catchy F# melody played on an acoustic bass guitar, embodying the soulful spirit of Funk and Soul."""
"{'path': None, 'array': array([-0.00042725,  0.00033569,  0.00015259, ...,  0.05755615,
        0.13754272,  0.14389038]), 'sampling_rate': 44100}",901,0,Electronic,"groovy, B, 101 bpm, Funk / Soul, Swingbeat, acousticbassguitar","Experience an infectious blend of Funk and Soul in this groovy B track. Driven by an acoustic bass guitar and set to a swingbeat rhythm, it struts along at a comfortable 101 beats per minute. Get ready to move and groove to"
"{'path': None, 'array': array([-0.22354126, -0.25628662, -0.2565918 , ..., -0.11108398,
       -0.08499146, -0.03848267]), 'sampling_rate': 44100}",8611,0,Electronic,"123 bpm, sampler, documentary, Electronic, Eurobeat, D","""Immerse yourself in the rhythmic pulse of this 123 bpm Electronic Eurobeat track. Utilizing innovative sampler techniques, 'D' takes you on a sonic journey, underscoring the vivid narratives of a documentary. A rhythmic masterpiece"
"{'path': None, 'array': array([9.15527344e-05, 7.62939453e-04, 2.13623047e-04, ...,
       1.35925293e-01, 1.50970459e-01, 1.12731934e-01]), 'sampling_rate': 44100}",10084,6,Chiptune / Glitch,"Electronic, Chiptune, sampler, game, 140 bpm, B","""Immerse yourself in this dynamic electronic chiptune, intricately crafted with a top-notch sampler. Designed to accompany epic gaming sessions, its exhilarating pulse races at 140 bpm, striking a vibrant tone in the key of B. Let"
"{'path': None, 'array': array([ 0.0005188 , -0.00027466,  0.00082397, ..., -0.00234985,
        0.00186157, -0.00561523]), 'sampling_rate': 44100}",6123,9,International,"86 bpm, C, Rock, Experimental, documentary, acousticbassguitar","""Immerse yourself in the deep tones of an acoustic bass guitar in this experimental rock track. Set at a steady rhythm of 86 beats per minute, in the key of C, it captivates and intrigues, brilliantly echoing the passionate"
"{'path': None, 'array': array([-1.55639648e-03,  3.35693359e-04, -5.55419922e-03, ...,
       -4.88403320e-01, -2.97210693e-01, -1.45080566e-01]), 'sampling_rate': 44100}",12301,7,Instrumental,"documentary, C, 92 bpm, Electronic, Eurobeat, sampler","""Immerse yourself in this engaging documentary, underscored by a pulsating Eurobeat soundtrack. Structurally rich, the music features a heartbeat of 92 beats per minute, driven by electronic keys, crafted in the key of C. Dive into"
"{'path': None, 'array': array([ 0.00219727,  0.00167847,  0.0022583 , ..., -0.20123291,
       -0.18566895, -0.16314697]), 'sampling_rate': 44100}",19137,9,International,"A, Folk, World, & Country, Laïkó, sport, 92 bpm, viola","""Immerse yourself into an inspiring 92 bpm rhythm of a Folk, World, and Country mix, beautifully intertwined with subtle tones of Laïkó, the traditional Greek music, as it resonates through the empathetic cords of a viol"
"{'path': None, 'array': array([-0.03076172, -0.03411865,  0.0305481 , ..., -0.22912598,
       -0.24020386, -0.27334595]), 'sampling_rate': 44100}",8346,6,Chiptune / Glitch,"sampler, game, C, Electronic, Chiptune, 85 bpm","""Experience an engaging tune from an Electronic Chiptune-style game, composed at an upbeat 85 bpm. The piece is beautifully programmed in C, making exceptional use of the sampler to mimic the retro sounds of the past."""
"{'path': None, 'array': array([0.00033569, 0.00027466, 0.00015259, ..., 0.00854492, 0.00640869,
       0.00430298]), 'sampling_rate': 44100}",5261,1,Rock,"Blues, Harmonica Blues, documentary, 78 bpm, D, acousticguitar","""Immerse yourself in this captivating Harmonica Blues documentary. Set at a relaxing tempo of 78 beats per minute, you'll be tuning into the rich, melodic strains of an acoustic guitar resonating in the key of D. Experience the"
"{'path': None, 'array': array([-0.00067139, -0.00238037, -0.00137329, ..., -0.0206604 ,
       -0.0098877 , -0.00631714]), 'sampling_rate': 44100}",5208,7,Instrumental,"Funk / Soul, Swingbeat, G#, 133 bpm, documentary, sampler","""Immerse yourself in this captivating, up-tempo, documentary style sampler, fusing elements of Funk and Soul with a modern Swingbeat. Set in the key of G#, and cruising at a rhythmical 133 beats per minute, this"
"{'path': None, 'array': array([-3.05175781e-04,  1.34277344e-03,  1.22070312e-04, ...,
       -1.88690186e-01, -1.70776367e-01, -1.49505615e-01]), 'sampling_rate': 44100}",24108,5,Folk,"148 bpm, G#, documentary, acousticguitar, Funk / Soul, Psychedelic","""Immerse yourself in the rhythm of this Funk / Soul track, intricately laden with psychedelic elements. Set at a pace of 148 bpm and in the enchanting key of G#, this piece is perfectly underscored by distinct acoustic guitar strains"
"{'path': None, 'array': array([-0.0057373 , -0.00500488, -0.00421143, ...,  0.07125854,
        0.06277466,  0.07034302]), 'sampling_rate': 44100}",699,4,Hip-Hop,"A, 86 bpm, Funk / Soul, Contemporary R&B, groovy, acousticbassguitar","""Immerse yourself in the rhythmic pulse of a contemporary R&B track, perfectly grooved at 86 BPM. Its soulful resonance is powered by a lively acoustic bass guitar, infusing every beat with a funk essence. This is not"
"{'path': None, 'array': array([ 0.00036621,  0.00033569,  0.00033569, ..., -0.14315796,
       -0.15948486, -0.14959717]), 'sampling_rate': 44100}",3162,1,Rock,"Funk / Soul, Psychedelic, F#, acousticguitar, 83 bpm, documentary","""Immerse yourself in the psychedelic realm of funk and soul, carried by the soulful thrum of an acoustic guitar in F#. Moving at a steady rhythm of 83 beats per minute, this captivating soundtrack is the ideal accompaniment to"
"{'path': None, 'array': array([ 6.10351562e-05,  3.05175781e-05, -3.05175781e-05, ...,
       -2.13928223e-02, -1.77612305e-02, -1.72729492e-02]), 'sampling_rate': 44100}",23615,5,Folk,"94 bpm, G#, documentary, acousticbassguitar, Funk / Soul, Contemporary R&B","""Immerse yourself in the evocative rhythm of this Contemporary R&B track. Set at a steady tempo of 94 BPM, the song unfolds in the key of G#. The deep, resonating notes of the acoustic bass guitar establish a"
"{'path': None, 'array': array([0.00119019, 0.00097656, 0.00073242, ..., 0.16619873, 0.09289551,
       0.04867554]), 'sampling_rate': 44100}",16556,2,Punk,"D, acousticguitar, 123 bpm, Funk / Soul, Psychedelic, groovy","""Tap into the rhythm with this soulful, D keyed acoustic guitar track. Set your heart pulsing at 123 beats per minute as you submerge into its funky, psychedelic melodies. Its distinct groovy undertones will take you on a unique"
"{'path': None, 'array': array([0.01577759, 0.02041626, 0.02035522, ..., 0.02648926, 0.02197266,
       0.02374268]), 'sampling_rate': 44100}",14412,9,International,"Funk / Soul, New Jack Swing, acousticbassguitar, 129 bpm, A, adventure","""Dive into an adventurous musical journey with this upbeat New Jack Swing track. Set at a lively 129 bpm in the key of A, it marries the soulful sounds of Funk with the deep, melodic tones of an acoustic bass guitar."
"{'path': None, 'array': array([-0.00219727, -0.00238037, -0.00180054, ...,  0.06677246,
        0.06115723,  0.07116699]), 'sampling_rate': 44100}",10074,6,Chiptune / Glitch,"D, acousticguitar, 115 bpm, documentary, Electronic, Sound Collage","""Experience the soulful strumming of a D-note on an acoustic guitar, uniquely interspersed within a rhythmic electronic sound collage playing at 115 beats per minute. This captivating audio blend perfectly complements the pensive atmosphere of a documentary"
"{'path': None, 'array': array([-0.00064087, -0.00061035, -0.00048828, ...,  0.29367065,
        0.29953003,  0.27630615]), 'sampling_rate': 44100}",3385,2,Punk,"98 bpm, Rock, Garage Rock, D, acousticguitar, documentary","""Experience the gritty authenticity of this Garage Rock documentary, underscored by a dynamic acoustic guitar rhythm. Pulsating at a steady tempo of 98 beats per minute, the soundtrack vibrates in the key of D, paralleling the raw energy of"
"{'path': None, 'array': array([-1.52587891e-04, -1.22070312e-04, -1.52587891e-04, ...,
        1.52374268e-01,  1.53533936e-01,  1.48437500e-01]), 'sampling_rate': 44100}",10266,6,Chiptune / Glitch,"acousticbassguitar, 199 bpm, Electronic, Tribal House, F, documentary","""Immerse yourself in this Tribal House Electronic audio track. This captivating beat, set at a rapid tempo of 199 bpm, incorporates the rich, resonant tones of an acoustic bass guitar in the key of F. Expertly crafted to augment"
"{'path': None, 'array': array([ 0.07879639,  0.00854492, -0.22305298, ...,  0.23962402,
        0.28637695,  0.26815796]), 'sampling_rate': 44100}",17309,0,Electronic,"groovy, sampler, C#, 85 bpm, Electronic, Dubstep","""Immerse yourself in the rhythmic blend of this electronic dubstep track, produced at a pace of 85 BPM. Skillfully crafted using the versatile languages of Groovy and C#, this piece showcases the dynamic use of a sampler to create"
"{'path': None, 'array': array([ 1.83105469e-04,  5.18798828e-04, -9.15527344e-05, ...,
       -2.38830566e-01, -3.18145752e-01, -3.17840576e-01]), 'sampling_rate': 44100}",6617,4,Hip-Hop,"C, groovy, drums, 129 bpm, Funk / Soul, Swingbeat","""Immerse yourself in the hypnotic rhythm of a Funk/Soul blended track, resonating in the key of C. Experience the soul-stirring groove generated by hearty drum beats, pulsating at a dynamic tempo of 129 bpm,"
"{'path': None, 'array': array([ 1.22070312e-04,  0.00000000e+00,  0.00000000e+00, ...,
       -1.96075439e-01, -1.94793701e-01, -1.65466309e-01]), 'sampling_rate': 44100}",6104,9,International,"172 bpm, Funk / Soul, Swingbeat, C#, sampler, documentary","""Groove to the rhythm of our 172 bpm Funk/Soul production, injected with a vibrant Swingbeat in the key of C#. Experience a touch of retro charm through strategically placed samplers while being narratively thrust into a sonic documentary journey."""
"{'path': None, 'array': array([ 0.00018311,  0.00024414,  0.00021362, ..., -0.03442383,
       -0.03857422, -0.0362854 ]), 'sampling_rate': 44100}",15863,5,Folk,"D, acousticguitar, documentary, 80 bpm, Blues, Modern Electric Blues","""Immerse yourself in the soulful strumming of a D chord on an acoustic guitar, set to a rhythmic 80 BPM. This captivating audio is a tribute to Modern Electric Blues. Discover the intricacies of this genre through our"
"{'path': None, 'array': array([0.00033569, 0.00054932, 0.00064087, ..., 0.03323364, 0.03265381,
       0.02835083]), 'sampling_rate': 44100}",4073,7,Instrumental,"Funk / Soul, Neo Soul, documentary, 157 bpm, F, sampler","""Immerse yourself in the vibrant fusion of Funk and Soul with a hint of Neo Soul, showcased in this captivating documentary. With a rhythm pulsating at 157 beats per minute, this sampler set in the key of F is sure to ignite"
"{'path': None, 'array': array([-2.13623047e-04, -9.15527344e-05, -2.44140625e-04, ...,
       -7.89489746e-02, -8.51745605e-02, -7.52258301e-02]), 'sampling_rate': 44100}",15178,4,Hip-Hop,"drums, groovy, Hip Hop, Cut-up/DJ, C, 112 bpm","""Immerse yourself in the rhythmic heartbeats of 112 bpm drums, brought to life in a C-note melody. This groovy, hip hop track blends the raw energy of Cut-up/DJ mixing techniques, injecting a pulsating"
"{'path': None, 'array': array([-0.00057983, -0.00057983, -0.00057983, ..., -0.01843262,
       -0.01660156, -0.01593018]), 'sampling_rate': 44100}",18703,4,Hip-Hop,"80 bpm, C, groovy, Funk / Soul, Contemporary R&B, acousticbassguitar","""Immerse yourself in a sultry Contemporary R&B and Funk/Soul fusion, pulsating at 80 bpm in the key of C. The track combines the groovy rhythm of an acoustic bass guitar, creating a modern, yet timeless musical"
"{'path': None, 'array': array([ 0.00000000e+00, -1.52587891e-04,  6.10351562e-05, ...,
       -1.43676758e-01, -1.90368652e-01, -2.16430664e-01]), 'sampling_rate': 44100}",16448,4,Hip-Hop,"acousticbassguitar, documentary, 76 bpm, Funk / Soul, Contemporary R&B, D","""Immerse yourself into the intoxicating rhythm of this documentary showcasing the magic of an acoustic bass guitar. This brilliant ensemble, set at a tantalizing 76 beats per minute, fuses the sultry tone of Contemporary R&B with the organic"
"{'path': None, 'array': array([0.00274658, 0.0022583 , 0.00170898, ..., 0.3331604 , 0.48373413,
       0.47433472]), 'sampling_rate': 44100}",13843,0,Electronic,"sampler, 178 bpm, documentary, D, Funk / Soul, Swingbeat","""Experience the rhythmic blend of funk and soul, overlayed with captivating Swingbeat, all set perfectly to a fast-paced tempo of 178 bpm in D Major. Accompanied by an iconic sampler, this compelling audio caption perfectly encapsulates the dynamic"
"{'path': None, 'array': array([0.00073242, 0.00088501, 0.00082397, ..., 0.11557007, 0.12631226,
       0.11849976]), 'sampling_rate': 44100}",21982,7,Instrumental,"groovy, A#, Blues, Piano Blues, 117 bpm, acousticbassguitar","""Immerse yourself in the soulful rhythm of this 117 bpm groove, a bluesy piano masterpiece set in the rich tones of A#. The track is accentuated by the deep, resonating notes of an acoustic bass guitar, setting the"
"{'path': None, 'array': array([ 9.15527344e-05,  1.83105469e-04, -1.52587891e-04, ...,
       -3.65722656e-01, -4.02801514e-01, -3.90319824e-01]), 'sampling_rate': 44100}",12329,2,Punk,"acousticguitar, Rock, Garage Rock, 94 bpm, adventure, D","""Step into an exhilarating adventure with this 94 bpm Garage Rock track. The driving rhythms of the acoustic guitar, played in the key of D, provide the backbone of this dynamic and rugged composition, reminiscent of a gritty rock journey."""
"{'path': None, 'array': array([-0.00042725, -0.00036621, -0.0005188 , ...,  0.02947998,
        0.02029419,  0.01394653]), 'sampling_rate': 44100}",20571,9,International,"acousticbassguitar, documentary, 101 bpm, Electronic, Tribal House, C","""Immerse yourself in this unique auditory experience with our latest Electronic Tribal House masterpiece, featuring the soulful resonance of an acoustic bass guitar. Set at an engaging tempo of 101 beats per minute, it's like a captivating documentary, carrying you"
"{'path': None, 'array': array([ 2.13623047e-04,  9.15527344e-05,  0.00000000e+00, ...,
       -3.81774902e-02, -2.92968750e-02, -1.73034668e-02]), 'sampling_rate': 44100}",18009,3,Experimental,"126 bpm, C, documentary, Electronic, Eurobeat, sampler","""Delve into the resonance of our latest electronic Eurobeat track, meticulously crafted at 126 beats per minute. This captivating composition, seamlessly blended in the key of C, employs an intricate sampler for an immersive auditory experience. Perfectly suited for your"
"{'path': None, 'array': array([-0.12054443, -0.13287354, -0.1340332 , ...,  0.11230469,
        0.11315918,  0.10040283]), 'sampling_rate': 44100}",5284,4,Hip-Hop,"documentary, 92 bpm, E, Funk / Soul, Neo Soul, sampler","""Immerse yourself in this groovy Neo Soul documentary soundtrack. Flowing effortlessly at a rhythmic 92 BPM, this sampler beautifully weaves the classic sounds of Funk and Soul. Experience the resonant chords of E, capturing the true essence"
"{'path': None, 'array': array([ 0.00024414,  0.00067139,  0.00021362, ...,  0.01431274,
       -0.00085449, -0.00787354]), 'sampling_rate': 44100}",12117,6,Chiptune / Glitch,"sampler, A, 112 bpm, Funk / Soul, Swingbeat, documentary","""Experience the rhythmic pulse of a 112 bpm Funk/Soul track, teeming with the infectious vibrancy of Swingbeat. This music, produced using the A sampler, will enhance the mood of any documentary, transporting listeners into a groovy"
"{'path': None, 'array': array([ 6.10351562e-05,  1.83105469e-04,  3.35693359e-04, ...,
       -1.53198242e-02, -1.18103027e-02, -1.28784180e-02]), 'sampling_rate': 44100}",16530,2,Punk,"documentary, 167 bpm, Rock, Garage Rock, acousticguitar, F#","""Immerse yourself in the pulsating rhythm of this 167 bpm Garage Rock documentary. Enthralling riffs of acoustic guitar in F# key resonate throughout, capturing the raw essence and riotous spirit of this timeless music genre."""
"{'path': None, 'array': array([0.00131226, 0.00140381, 0.00100708, ..., 0.03372192, 0.01998901,
       0.04086304]), 'sampling_rate': 44100}",18240,4,Hip-Hop,"A, groovy, Funk / Soul, Swingbeat, 91 bpm, sampler","""Immerse yourself in the groovy rhythms of this Funk / Soul music track, infused with the energetic undertones of Swingbeat. Playing at a lively tempo of 91 BPM, this composition creatively employs a sampler to add a unique audio texture"
"{'path': None, 'array': array([-0.02487183, -0.02157593, -0.02059937, ...,  0.03564453,
        0.04190063,  0.06222534]), 'sampling_rate': 44100}",7145,8,Pop,"136 bpm, adventure, Funk / Soul, Psychedelic, F#, acousticbassguitar","""Embark on a thrilling adventure with this Funk/Soul track, bursting with psychedelic energy. Set at a lively 136 bpm, the song is driven by the robust, rhythmical vibes of an acoustic bass guitar in the soaring key of F#."
"{'path': None, 'array': array([ 0.00082397,  0.00015259,  0.00021362, ..., -0.00811768,
       -0.02380371, -0.02090454]), 'sampling_rate': 44100}",19916,6,Chiptune / Glitch,"G, 94 bpm, Electronic, Chiptune, game, sampler","""Experience the vibrant journey into the world of gaming with our Chiptune track. Set at an enthusiastic tempo of 94 beats per minute, this electrifying electronic composition is composed in the key of G. It's remarkably enhanced with an array of"
"{'path': None, 'array': array([ 0.00091553,  0.00076294,  0.00082397, ..., -0.07492065,
       -0.05062866, -0.02420044]), 'sampling_rate': 44100}",7095,4,Hip-Hop,"185 bpm, documentary, Funk / Soul, Swingbeat, sampler, A#","""Delve into the rhythmic universe of this compelling documentary which features a riveting Swingbeat genre soundtrack. With a pulse-pounding 185 bpm, it utilizes the soulful depths of Funk and Soul music. Moreover, its key A# happens"
"{'path': None, 'array': array([0.11114502, 0.1227417 , 0.09243774, ..., 0.00234985, 0.00308228,
       0.0032959 ]), 'sampling_rate': 44100}",9882,3,Experimental,"acousticbassguitar, documentary, A#, Stage & Screen, Soundtrack, 115 bpm","Experience the evocative melodies of an acoustic bass guitar in A# in our latest documentary. Capturing the world of Stage & Screen, this soundtrack unfurls at a gentle pace of 115 beats per minute, creating an atmospheric backdrop that beautifully comple"
"{'path': None, 'array': array([-0.00048828, -0.0005188 , -0.00045776, ..., -0.00280762,
       -0.00915527, -0.01147461]), 'sampling_rate': 44100}",5432,6,Chiptune / Glitch,"A, Electronic, Ghetto House, documentary, 126 bpm, synthesizer","""Immerse yourself in the pulsating rhythms of this A-grade Documentary, featuring an electrifying blend of Ghetto House music energized by rich 126 bpm beats. Experience the magic of a masterfully played synthesizer, bringing a unique resonance"
"{'path': None, 'array': array([ 0.00036621,  0.00036621,  0.00015259, ..., -0.07849121,
       -0.05065918,  0.00592041]), 'sampling_rate': 44100}",24547,6,Chiptune / Glitch,"Electronic, Acid House, C, 92 bpm, sampler, documentary","""Immerse yourself in the pulsating rhythm of this Electronic Acid House track, masterfully crafted in C key at a steady pace of 92 BPM. Experience the unique blend of vintage and modern vibes stirred by clever use of a sampler. This"
"{'path': None, 'array': array([ 0.00018311, -0.00030518, -0.00012207, ..., -0.02954102,
       -0.03399658, -0.03213501]), 'sampling_rate': 44100}",8685,6,Chiptune / Glitch,"computer, C#, 133 bpm, Electronic, Musique Concrète, documentary","""Immerse yourself in the world of modern technology with 'Binary Beats', a captivating Electronic Musique Concrète composition. Set at an energetic pace of 133 bpm, this computer-inspired track features intriguing sounds harvested from the realm of C#."
"{'path': None, 'array': array([ 0.00000000e+00, -3.05175781e-05, -3.05175781e-05, ...,
       -4.22058105e-02, -3.96118164e-02, -3.36608887e-02]), 'sampling_rate': 44100}",8372,3,Experimental,"Electronic, Musique Concrète, documentary, A, 161 bpm, synthesizer","""Experience the rhythmic pulse of a 161 bpm electronic synthesizer, expertly interwoven into the Esoteric soundscapes of Musique Concrète. This captivating audio accompaniment provides a dynamic backdrop to 'Documentary A',"
"{'path': None, 'array': array([-3.05175781e-05,  0.00000000e+00, -3.05175781e-05, ...,
       -5.81665039e-02, -6.30187988e-02, -6.28662109e-02]), 'sampling_rate': 44100}",23718,3,Experimental,"documentary, E, electricpiano, 133 bpm, Non-Music, Audiobook","""Experience the soulful beats of this E major electric piano-based documentary soundtrack, flowing flawlessly at 133 BPM. Dive into an exciting, enriching auditory exploration, where our Non-music audiobook genre provides a compelling backdrop - merging words and"
"{'path': None, 'array': array([-2.13623047e-04, -2.13623047e-04, -1.83105469e-04, ...,
       -1.98120117e-01, -2.01538086e-01, -1.62384033e-01]), 'sampling_rate': 44100}",10316,4,Hip-Hop,"C#, 172 bpm, acousticbassguitar, documentary, Funk / Soul, Swingbeat","Experience the vibrant rhythm of a dynamically unique soundtrack. Composed in the versatile language of C#, this playlist pulses at a brisk tempo of 172 BPM. Combining the rich, resonant tones of an acoustic bass guitar with elements of Funk and Soul"
"{'path': None, 'array': array([-0.00024414, -0.00024414, -0.00018311, ..., -0.03109741,
       -0.0085144 ,  0.01690674]), 'sampling_rate': 44100}",19686,7,Instrumental,"Electronic, Musique Concrète, 161 bpm, documentary, A#, flute","""Immerse yourself in the captivating rhythm of this 161 bpm Electronic Musique Concrète piece. Effortlessly shifting between the digital and physical worlds, this stimulating composition, set in A# key, uniquely blends synthetic sounds with the organic"
"{'path': None, 'array': array([-0.00299072, -0.00292969, -0.00274658, ..., -0.02166748,
        0.02667236,  0.06506348]), 'sampling_rate': 44100}",15856,5,Folk,"Blues, Modern Electric Blues, A, acousticguitar, documentary, 144 bpm","""Experience a soul-stirring documentary featuring modern electric blues music in A key. Set to the vibrant tempo of 144 BPM, this captivating presentation is uniquely underscored by the resonant strums of an acoustic guitar, bringing an authentic touch of"
"{'path': None, 'array': array([-0.06652832, -0.07946777, -0.07946777, ...,  0.05038452,
        0.0380249 ,  0.04537964]), 'sampling_rate': 44100}",653,5,Folk,"Blues, Harmonica Blues, documentary, acousticguitar, G, 126 bpm","""Delve into the soulful rhythms of this documentary featuring 'Harmonica Blues'. Immerse yourself in the melodic acoustic guitar strums, meticulously composed in the key of 'G', complemented by the longing, raw emotion of the"
"{'path': None, 'array': array([ 0.00231934,  0.00418091,  0.00540161, ..., -0.09771729,
       -0.08056641, -0.04605103]), 'sampling_rate': 44100}",4927,8,Pop,"Funk / Soul, Psychedelic, sampler, 126 bpm, documentary, E","""Dive into an entrancing amalgamation of Funk and Soul, intertwined with a Psychedelic twist, in this thrilling audio sampler. Set at a rhythmic pulse of 126 BPM, this swirling symphony unpicks the intriguing narratives of our intriguing"
"{'path': None, 'array': array([ 0.00024414,  0.00024414,  0.00012207, ..., -0.04248047,
       -0.05059814, -0.05041504]), 'sampling_rate': 44100}",17851,7,Instrumental,"orchestra, E, 115 bpm, Electronic, Berlin-School, documentary","""Immerse yourself in an electronic Berlin-School-style orchestra, finely tuned to the key of E and energetically paced at 115 bpm. The symphony provides an evocative soundscape to a thought-provoking documentary, artist"
"{'path': None, 'array': array([-0.0017395 , -0.00146484, -0.00073242, ..., -0.40289307,
       -0.64404297, -0.64785767]), 'sampling_rate': 44100}",11532,0,Electronic,"Funk / Soul, Swingbeat, sampler, A, groovy, 99 bpm","""Immerse yourself in this groovy Funk/Soul track with an intoxicating Swingbeat feel. Created with a dynamic, high-quality sampler and clocking in at 99 bpm, this sonic adventure, titled 'A', promises to keep your"
"{'path': None, 'array': array([-5.49316406e-04, -8.23974609e-04, -1.19018555e-03, ...,
       -5.52612305e-01, -5.63720703e-01, -5.34576416e-01]), 'sampling_rate': 44100}",15708,2,Punk,"105 bpm, Rock, Garage Rock, A, acousticbassguitar, groovy","Experience the raw energy of this Garage Rock track, set at a rhythmic tempo of 105 BPM. The groovy undertones of the acoustic bass guitar, tuned to the key of A, blend harmoniously, creating a unique atmosphere standard to the"
"{'path': None, 'array': array([0.00021362, 0.00021362, 0.00024414, ..., 0.00698853, 0.00912476,
       0.00866699]), 'sampling_rate': 44100}",22052,9,International,"melodic, Folk, World, & Country, Catalan Music, A, 129 bpm, accordion","""Immerse yourself in this captivating audio piece featuring a melodic blend of Folk, World, and Country music styled with Catalan influences. The arrangement is played in the key of A at a dynamic tempo of 129 bpm, with the captivating pulse"
"{'path': None, 'array': array([ 0.00115967,  0.0012207 ,  0.00112915, ..., -0.07794189,
       -0.09381104, -0.09713745]), 'sampling_rate': 44100}",14564,4,Hip-Hop,"Funk / Soul, Neo Soul, E, documentary, synthesizer, 50 bpm","""Immerse yourself in the soulful rhythm of our new documentary soundscapes led by a captivating Neo Soul Funk, paced at a soothing 50 BPM. This piece resonates with an underpinning key of 'E' played on an"
"{'path': None, 'array': array([-4.27246094e-04, -9.15527344e-05, -6.10351562e-05, ...,
       -5.27038574e-02, -2.17285156e-02,  1.98059082e-02]), 'sampling_rate': 44100}",4280,6,Chiptune / Glitch,"groovy, Electronic, Eurobeat, synthesizer, 172 bpm, C","Immerse yourself in the irresistible rhythm of a groovy Eurobeat track, pulsating at a high energy 172 beats per minute. Designed with superb electronic infusions, this music has been crafted exclusively on a synthesizer in the key of C"
"{'path': None, 'array': array([ 0.01831055,  0.01657104,  0.01000977, ..., -0.00634766,
       -0.00582886,  0.00106812]), 'sampling_rate': 44100}",2712,9,International,"acousticbassguitar, Folk, World, & Country, Hindustani, D, 157 bpm, documentary","""Immerse yourself in the soulful melody of an acoustic bass guitar, beautifully woven into a Folk, World, and Country blend, with an intriguing hint of Hindustani influence. Set at a rhythmically engaging tempo of 157 beats per"
"{'path': None, 'array': array([ 0.12237549,  0.12487793,  0.14160156, ..., -0.09591675,
       -0.08758545, -0.08383179]), 'sampling_rate': 44100}",14933,1,Rock,"adventure, Rock, Garage Rock, B, 133 bpm, acousticbassguitar","""Embark on an adventure with this Garage Rock track, titled 'B'. Strumming at 133 beats per minute, the song centers around the raw sounds of an acoustic bass guitar. Its unique Rock elements will entice you into a vibrant"
"{'path': None, 'array': array([-2.44140625e-04, -9.15527344e-05, -9.15527344e-05, ...,
       -2.51464844e-02, -3.22875977e-02, -2.62145996e-02]), 'sampling_rate': 44100}",9461,5,Folk,"adventure, 112 bpm, Funk / Soul, Psychedelic, acousticbassguitar, F","""Immerse yourself in an adventurous journey with our Funk / Soul track, set to an invigorating pace of 112 BPM. This Psychedelic experience features a rich undertone of the Acoustic Bass Guitar, radiating groovy vibrations"
"{'path': None, 'array': array([-1.52587891e-04, -6.10351562e-05, -1.52587891e-04, ...,
        1.03759766e-03,  3.75366211e-03, -9.76562500e-03]), 'sampling_rate': 44100}",5744,0,Electronic,"G, 167 bpm, drums, Electronic, Tribal House, documentary","""Experience an electrifying journey with this Tribal House Electronic track. Set at an energetic tempo of 167 beats per minute, this piece delivers a powerful drum beat that gives it a strong rhythmic backbone. Perfectly fitting for an invigorating documentary"
"{'path': None, 'array': array([-0.00131226, -0.00112915, -0.00088501, ..., -0.05441284,
       -0.05560303, -0.0526123 ]), 'sampling_rate': 44100}",23819,4,Hip-Hop,"66 bpm, Funk / Soul, Gospel, F#, acousticbassguitar, adventure","""Embark on an adventurous journey with this funky soul and gospel track. A heartwarming rhythm set at 66 beats per minute resonates in the key of F sharp. The soulful melodies, intricately woven with acoustic bass guitar, offer"
"{'path': None, 'array': array([-0.00057983, -0.00057983, -0.0005188 , ...,  0.01489258,
        0.01705933,  0.01693726]), 'sampling_rate': 44100}",6205,3,Experimental,"123 bpm, F#, Blues, Harmonica Blues, acousticguitar, groovy","""Immerse yourself in an expressive Harmonica Blues piece set to a steady groove of 123 beats per minute. This acoustic guitar-backed composition in the key of F# will carry you through an emotional journey rooted in the rich tradition of Blues music"
"{'path': None, 'array': array([ 0.0007019 , -0.00308228, -0.00396729, ...,  0.07699585,
        0.05377197,  0.09338379]), 'sampling_rate': 44100}",4798,7,Instrumental,"123 bpm, B, soundscape, Electronic, Sound Collage, synthesizer","""Immerse yourself in a captivating electronic journey with this mesmerizing soundscape. Set to the measured rhythm of 123 beats per minute, it unfurls in the key of B with a harmonious patchwork of sound collages. The unique"
